rho0,rho1,sigma_eps,n_pos,n_neg,seed,d2_fisher,d2_best_single,amp_analytical,auc_r,auc_c,auc_opt,auc_fix,amp_opt,amp_fix,tpr_fpr_opt,tpr_fpr_fix
-0.6,0.0,0.0,200000,200000,42,31.249999999999986,6.25,24.999999999999986,0.96143380155,0.961186101925,0.9985302177,0.99703561665,0.03709641614999992,0.035601815099999934,0.993475,0.986525
-0.6,0.0,0.0,200000,200000,2024,31.249999999999986,6.25,24.999999999999986,0.96132633765,0.96109055925,0.998518600775,0.99701907535,0.037192263125000014,0.03569273770000003,0.99355,0.9864
-0.6,0.0,0.0,200000,200000,7,31.249999999999986,6.25,24.999999999999986,0.9613024691,0.961652032875,0.99858444905,0.997081522075,0.03693241617499998,0.0354294892,0.99371,0.986775
-0.6,0.0,0.25,200000,200000,42,18.494887078998637,5.325443786982249,13.169443292016389,0.948593222675,0.932787164925,0.9941589247,0.99221352835,0.04556570202499999,0.04362030567499997,0.972375,0.96313
-0.6,0.0,0.25,200000,200000,2024,18.494887078998637,5.325443786982249,13.169443292016389,0.94851390875,0.93251905305,0.994152343225,0.992190192875,0.045638434475000045,0.04367628412500002,0.972955,0.96335
-0.6,0.0,0.25,200000,200000,7,18.494887078998637,5.325443786982249,13.169443292016389,0.94845265145,0.9333691102,0.994342403275,0.992315801925,0.04588975182499999,0.043863150475,0.97362,0.96318
-0.6,0.0,0.5,200000,200000,42,8.564988402713588,3.6885245901639343,4.8764638125496536,0.91263899545,0.865040156825,0.970115110875,0.9688349588,0.057476115424999974,0.05619596334999999,0.859045,0.852725
-0.6,0.0,0.5,200000,200000,2024,8.564988402713588,3.6885245901639343,4.8764638125496536,0.912669411625,0.86443171375,0.970124379325,0.9688434652,0.057454967699999915,0.05617405357499994,0.85856,0.85266
-0.6,0.0,0.5,200000,200000,7,8.564988402713588,3.6885245901639343,4.8764638125496536,0.91248490595,0.865696611275,0.9706138865,0.969175189925,0.05812898055000004,0.05669028397499998,0.860385,0.85336
-0.6,0.3,0.0,200000,200000,42,31.249999999999986,6.25,24.999999999999986,0.9618156275,0.9613431471,0.99662214185,0.99472914105,0.03480651434999993,0.03291351354999994,0.985515,0.976525
-0.6,0.3,0.0,200000,200000,2024,31.249999999999986,6.25,24.999999999999986,0.961372727375,0.9611760588,0.9965842466,0.99462389995,0.03521151922499999,0.03325117257499999,0.985405,0.976095
-0.6,0.3,0.0,200000,200000,7,31.249999999999986,6.25,24.999999999999986,0.961519677575,0.961559967525,0.99670418415,0.994720681275,0.035144216625,0.03316071375000007,0.985845,0.9766
-0.6,0.3,0.25,200000,200000,42,18.494887078998637,5.325443786982249,13.169443292016389,0.949046988675,0.9329753861,0.9907710713,0.9888416037,0.041724082624999936,0.039794615024999924,0.959285,0.949285
-0.6,0.3,0.25,200000,200000,2024,18.494887078998637,5.325443786982249,13.169443292016389,0.94854279105,0.9325625845,0.99067412175,0.988652495125,0.04213133070000008,0.04010970407500003,0.9587,0.94845
-0.6,0.3,0.25,200000,200000,7,18.494887078998637,5.325443786982249,13.169443292016389,0.948713817375,0.933274137825,0.9908432909,0.988807434975,0.04212947352499996,0.040093617599999964,0.95843,0.94858
-0.6,0.3,0.5,200000,200000,42,8.564988402713588,3.6885245901639343,4.8764638125496536,0.913246737925,0.865257729475,0.9652361149,0.9643140928,0.05198937697500006,0.051067354875000026,0.844975,0.839075
-0.6,0.3,0.5,200000,200000,2024,8.564988402713588,3.6885245901639343,4.8764638125496536,0.91264740825,0.864366956625,0.964877355625,0.963895499825,0.052229947374999974,0.05124809157499999,0.84291,0.838605
-0.6,0.3,0.5,200000,200000,7,8.564988402713588,3.6885245901639343,4.8764638125496536,0.9128258947,0.865627617175,0.96518804515,0.964182102575,0.05236215045000003,0.05135620787500006,0.843775,0.83804
-0.4,0.0,0.0,200000,200000,42,20.833333333333332,6.25,14.583333333333332,0.96143671255,0.9610985146,0.997315504975,0.99551099595,0.03587879242500003,0.03407428340000007,0.98771,0.97878
-0.4,0.0,0.0,200000,200000,2024,20.833333333333332,6.25,14.583333333333332,0.961326058925,0.9610091475,0.997304502225,0.9954926242,0.035978443299999996,0.03416656527499995,0.98779,0.97898
-0.4,0.0,0.0,200000,200000,7,20.833333333333332,6.25,14.583333333333332,0.96130259905,0.961704188175,0.997411991375,0.99556773995,0.0357078032,0.033863551775,0.98828,0.979155
-0.4,0.0,0.25,200000,200000,42,14.283776731404846,5.325443786982249,8.958332944422597,0.948605222725,0.9326967196,0.991880689925,0.989899523425,0.04327546719999997,0.04129430069999995,0.96039,0.950385
-0.4,0.0,0.25,200000,200000,2024,14.283776731404846,5.325443786982249,8.958332944422597,0.94851427225,0.932446286,0.9918712331,0.98987713625,0.04335696085000007,0.041362864,0.96071,0.951265
-0.4,0.0,0.25,200000,200000,7,14.283776731404846,5.325443786982249,8.958332944422597,0.948454432925,0.933411488475,0.99209820265,0.990016324175,0.04364376972500006,0.04156189124999998,0.96154,0.95072
-0.4,0.0,0.5,200000,200000,42,7.557579581873433,3.6885245901639343,3.8690549917094983,0.91267505795,0.8649398322,0.9666261796,0.965529676375,0.053951121649999934,0.052854618424999944,0.839165,0.832905
-0.4,0.0,0.5,200000,200000,2024,7.557579581873433,3.6885245901639343,3.8690549917094983,0.91267108625,0.864401652725,0.966645910275,0.9655479114,0.05397482402499998,0.05287682514999992,0.838465,0.833135
-0.4,0.0,0.5,200000,200000,7,7.557579581873433,3.6885245901639343,3.8690549917094983,0.912493004825,0.86571181915,0.96710867065,0.9658663748,0.05461566582499999,0.053373369975000085,0.83984,0.833845
-0.4,0.3,0.0,200000,200000,42,20.833333333333332,6.25,14.583333333333332,0.961818407875,0.961255164825,0.994814657975,0.99275708715,0.03299625010000007,0.030938679275000047,0.97627,0.966355
-0.4,0.3,0.0,200000,200000,2024,20.833333333333332,6.25,14.583333333333332,0.9613724866,0.961094181575,0.99475628345,0.992622851225,0.033383796850000036,0.03125036462500008,0.976105,0.96557
-0.4,0.3,0.0,200000,200000,7,20.833333333333332,6.25,14.583333333333332,0.961519928375,0.961611586425,0.9948894173,0.99273478975,0.033277830875000025,0.03112320332499996,0.976345,0.965935
-0.4,0.3,0.25,200000,200000,42,14.283776731404846,5.325443786982249,8.958332944422597,0.949059061975,0.9328856519,0.988073206275,0.986221957775,0.03901414429999994,0.037162895799999984,0.944195,0.93479
-0.4,0.3,0.25,200000,200000,2024,14.283776731404846,5.325443786982249,8.958332944422597,0.948542718875,0.9324894192,0.98794117965,0.98600427855,0.03939846077499998,0.03746155967499998,0.94376,0.93367
-0.4,0.3,0.25,200000,200000,7,14.283776731404846,5.325443786982249,8.958332944422597,0.948715644025,0.933317131525,0.988123864225,0.986168820875,0.03940822020000001,0.03745317685000005,0.943715,0.934265
-0.4,0.3,0.5,200000,200000,42,7.557579581873433,3.6885245901639343,3.8690549917094983,0.913282856375,0.86515834265,0.961736672825,0.960988186775,0.04845381645000002,0.04770533040000002,0.824825,0.819375
-0.4,0.3,0.5,200000,200000,2024,7.557579581873433,3.6885245901639343,3.8690549917094983,0.912650135125,0.864336406075,0.961362974325,0.960562692625,0.04871283919999991,0.04791255750000001,0.822485,0.818715
-0.4,0.3,0.5,200000,200000,7,7.557579581873433,3.6885245901639343,3.8690549917094983,0.9128344271,0.865642213475,0.961660669475,0.96083177375,0.048826242374999995,0.047997346649999995,0.82344,0.818185
-0.2,0.0,0.0,200000,200000,42,15.624999999999996,6.25,9.374999999999996,0.961458933,0.961025637475,0.99569733015,0.993671775025,0.03423839714999999,0.03221284202500008,0.979715,0.969625
-0.2,0.0,0.0,200000,200000,2024,15.624999999999996,6.25,9.374999999999996,0.9613211934,0.960920976025,0.995681777525,0.993656680275,0.03436058412499998,0.032335486874999986,0.980265,0.96941
-0.2,0.0,0.0,200000,200000,7,15.624999999999996,6.25,9.374999999999996,0.96130534605,0.961728146175,0.99582011965,0.993732577275,0.034091973474999926,0.03200443109999995,0.980595,0.969725
-0.2,0.0,0.25,200000,200000,42,11.636846424160801,5.325443786982249,6.311402637178552,0.94864026115,0.932609956275,0.989310783725,0.987369476325,0.040670522575000034,0.038729215175000054,0.946795,0.936815
-0.2,0.0,0.25,200000,200000,2024,11.636846424160801,5.325443786982249,6.311402637178552,0.94851071275,0.932373668775,0.98929887535,0.9873520134,0.040788162600000066,0.03884130065000002,0.947005,0.93668
-0.2,0.0,0.25,200000,200000,7,11.636846424160801,5.325443786982249,6.311402637178552,0.94846214575,0.93342490395,0.989533685875,0.9874853256,0.04107154012500003,0.039023179850000034,0.947745,0.937035
-0.2,0.0,0.5,200000,200000,42,6.765645934559073,3.6885245901639343,3.0771213443951386,0.912734925775,0.864825117925,0.96314528755,0.96223285535,0.05041036177499991,0.04949792957499999,0.817425,0.81268
-0.2,0.0,0.5,200000,200000,2024,6.765645934559073,3.6885245901639343,3.0771213443951386,0.912671657225,0.864376581775,0.963174595575,0.96225309505,0.05050293834999997,0.04958143782500002,0.81788,0.813145
-0.2,0.0,0.5,200000,200000,7,6.765645934559073,3.6885245901639343,3.0771213443951386,0.91251565845,0.86569849785,0.963571316475,0.9625288565,0.051055658025000006,0.05001319804999993,0.818935,0.814745
-0.2,0.3,0.0,200000,200000,42,15.624999999999996,6.25,9.374999999999996,0.961840420875,0.961183370725,0.9926473251,0.9905212445,0.030806904224999987,0.028680823625000018,0.96511,0.954425
-0.2,0.3,0.0,200000,200000,2024,15.624999999999996,6.25,9.374999999999996,0.961367414075,0.96100647485,0.99256211215,0.99036123895,0.03119469807499997,0.028993824874999907,0.96475,0.953055
-0.2,0.3,0.0,200000,200000,7,15.624999999999996,6.25,9.374999999999996,0.961522514075,0.9616358202,0.992696944375,0.99047287485,0.031061124174999954,0.02883705464999997,0.96442,0.95358
-0.2,0.3,0.25,200000,200000,42,11.636846424160801,5.325443786982249,6.311402637178552,0.9490929006,0.93279877585,0.985154677975,0.983439013925,0.03606177737500005,0.03434611332500004,0.92789,0.91952
-0.2,0.3,0.25,200000,200000,2024,11.636846424160801,5.325443786982249,6.311402637178552,0.94853885245,0.93241631755,0.984990758025,0.9831978002,0.036451905575,0.03465894775,0.92717,0.917825
-0.2,0.3,0.25,200000,200000,7,11.636846424160801,5.325443786982249,6.311402637178552,0.9487229253,0.9333304957,0.98516373585,0.983350195025,0.036440810550000036,0.034627269724999965,0.927215,0.91867
-0.2,0.3,0.5,200000,200000,42,6.765645934559073,3.6885245901639343,3.0771213443951386,0.9133455473,0.865043722425,0.9582741139,0.957687385825,0.0449285666,0.044341838525000066,0.80328,0.799745
-0.2,0.3,0.5,200000,200000,2024,6.765645934559073,3.6885245901639343,3.0771213443951386,0.912650623325,0.864311467025,0.95788611025,0.95724828605,0.04523548692500001,0.04459766272499999,0.8026,0.799105
-0.2,0.3,0.5,200000,200000,7,6.765645934559073,3.6885245901639343,3.0771213443951386,0.912857566375,0.865629790975,0.9581312071,0.957471168775,0.04527364072499995,0.04461360240000001,0.802445,0.79955
0.0,0.0,0.0,200000,200000,42,12.5,6.25,6.25,0.961406351975,0.961002849325,0.993616127025,0.99147686615,0.03220977505,0.03007051417499995,0.96942,0.95789
0.0,0.0,0.0,200000,200000,2024,12.5,6.25,6.25,0.961156673925,0.960917548475,0.99364168385,0.991479199225,0.03248500992499992,0.030322525300000014,0.970005,0.958435
0.0,0.0,0.0,200000,200000,7,12.5,6.25,6.25,0.9611460264,0.961707670825,0.993819194925,0.99156540845,0.032111524100000066,0.02985773762499999,0.970675,0.958125
0.0,0.0,0.25,200000,200000,42,9.819825809454159,5.325443786982249,4.4943820224719095,0.94861281865,0.932554230975,0.986398292175,0.984566547225,0.037785473524999946,0.03595372857500001,0.930865,0.920565
0.0,0.0,0.25,200000,200000,2024,9.819825809454159,5.325443786982249,4.4943820224719095,0.9483137046,0.932378509475,0.9864173302,0.984561814575,0.038103625600000024,0.036248109975000053,0.930565,0.921025
0.0,0.0,0.25,200000,200000,7,9.819825809454159,5.325443786982249,4.4943820224719095,0.9483051882,0.93338771265,0.9866868548,0.98470946485,0.038381666599999975,0.03640427665000001,0.931395,0.92079
0.0,0.0,0.5,200000,200000,42,6.127548980407838,3.6885245901639343,2.4390243902439033,0.912815249575,0.86472252395,0.959609032225,0.958868137275,0.046793782650000004,0.046052887699999934,0.795975,0.791955
0.0,0.0,0.5,200000,200000,2024,6.127548980407838,3.6885245901639343,2.4390243902439033,0.912400068525,0.8644011387,0.959561267125,0.958801161975,0.04716119860000001,0.046401093449999986,0.794815,0.79192
0.0,0.0,0.5,200000,200000,7,6.127548980407838,3.6885245901639343,2.4390243902439033,0.91241597055,0.865638333375,0.9600331527,0.959164144225,0.04761718214999999,0.04674817367499995,0.797105,0.792815
0.0,0.3,0.0,200000,200000,42,12.5,6.25,6.25,0.961786758375,0.961159707525,0.9900910903,0.9879901429,0.028304331924999926,0.02620338452499993,0.95135,0.939985
0.0,0.3,0.0,200000,200000,2024,12.5,6.25,6.25,0.961203367175,0.96100213245,0.990003566325,0.9878035648,0.028800199149999983,0.02660019762499999,0.951135,0.93905
0.0,0.3,0.0,200000,200000,7,12.5,6.25,6.25,0.9613609614,0.9616157447,0.990169248725,0.987935254325,0.02855350402500001,0.02631950962499996,0.950365,0.93924
0.0,0.3,0.25,200000,200000,42,9.819825809454159,5.325443786982249,4.4943820224719095,0.949064958575,0.9327427927,0.981979691725,0.980443439225,0.03291473315000004,0.03137848065000004,0.909865,0.902445
0.0,0.3,0.25,200000,200000,2024,9.819825809454159,5.325443786982249,4.4943820224719095,0.948342337425,0.9324214431,0.981790318975,0.98016352695,0.03344798155000006,0.031821189525000015,0.90859,0.900105
0.0,0.3,0.25,200000,200000,7,9.819825809454159,5.325443786982249,4.4943820224719095,0.948563690175,0.933294520525,0.98200955005,0.98034820355,0.03344585987500004,0.03178451337499999,0.909555,0.900545
0.0,0.3,0.5,200000,200000,42,6.127548980407838,3.6885245901639343,2.4390243902439033,0.91342271895,0.864940868825,0.954802549625,0.95435396685,0.04137983067499995,0.04093124789999991,0.782315,0.77895
0.0,0.3,0.5,200000,200000,2024,6.127548980407838,3.6885245901639343,2.4390243902439033,0.9123774435,0.864337674775,0.954281964075,0.953781134525,0.04190452057499994,0.04140369102499997,0.779825,0.77804
0.0,0.3,0.5,200000,200000,7,6.127548980407838,3.6885245901639343,2.4390243902439033,0.9127540799,0.865570508525,0.95465068125,0.954120527725,0.04189660134999995,0.041366447824999986,0.781375,0.77808
0.2,0.0,0.0,200000,200000,42,10.416666666666666,6.25,4.166666666666666,0.961499719725,0.961061665175,0.99136134205,0.989188671375,0.029861622325000003,0.02768895164999996,0.957995,0.94588
0.2,0.0,0.0,200000,200000,2024,10.416666666666666,6.25,4.166666666666666,0.961270022125,0.961033847925,0.991364537425,0.989171671475,0.030094515299999958,0.027901649349999946,0.95797,0.945845
0.2,0.0,0.0,200000,200000,7,10.416666666666666,6.25,4.166666666666666,0.961334155075,0.96166842035,0.9914810703,0.989213015725,0.029812649949999992,0.02754459537499998,0.95877,0.945295
0.2,0.0,0.25,200000,200000,42,8.496247365795277,5.325443786982249,3.170803578813028,0.948684476175,0.932587614575,0.98348576515,0.9818112972,0.03480128897500001,0.033126821025000086,0.914215,0.904415
0.2,0.0,0.25,200000,200000,2024,8.496247365795277,5.325443786982249,3.170803578813028,0.948455532075,0.932506694425,0.983478607725,0.9817755833,0.03502307564999996,0.033320051225000036,0.91307,0.90369
0.2,0.0,0.25,200000,200000,7,8.496247365795277,5.325443786982249,3.170803578813028,0.948508976875,0.933329418275,0.9836445059,0.981860818425,0.035135529024999945,0.03335184154999993,0.913955,0.904265
0.2,0.0,0.5,200000,200000,42,5.603399570614538,3.6885245901639343,1.914874980450604,0.912784371525,0.864711502375,0.956279305625,0.955718380125,0.04349493409999994,0.04293400859999996,0.77574,0.77331
0.2,0.0,0.5,200000,200000,2024,5.603399570614538,3.6885245901639343,1.914874980450604,0.9126285126,0.864521055225,0.95622761815,0.9556399097,0.04359910555000002,0.043011397100000015,0.77435,0.77209
0.2,0.0,0.5,200000,200000,7,5.603399570614538,3.6885245901639343,1.914874980450604,0.91262089895,0.86555536945,0.956470936575,0.955831467925,0.04385003762500006,0.043210568974999974,0.7755,0.772995
0.2,0.3,0.0,200000,200000,42,10.416666666666666,6.25,4.166666666666666,0.9618807894,0.96121980755,0.987421930575,0.98541272275,0.02554114117500006,0.023531933350000034,0.936415,0.92593
0.2,0.3,0.0,200000,200000,2024,10.416666666666666,6.25,4.166666666666666,0.96131618165,0.96111881705,0.9872933351,0.985185594,0.025977153449999957,0.023869412350000063,0.93557,0.92398
0.2,0.3,0.0,200000,200000,7,10.416666666666666,6.25,4.166666666666666,0.961550491025,0.9615757965,0.987368434125,0.9852629932,0.025792637624999948,0.02368719669999997,0.935395,0.92464
0.2,0.3,0.25,200000,200000,42,8.496247365795277,5.325443786982249,3.170803578813028,0.9491391862,0.932776166325,0.97884900795,0.9775193412,0.02970982174999992,0.028380154999999907,0.8923,0.884945
0.2,0.3,0.25,200000,200000,2024,8.496247365795277,5.325443786982249,3.170803578813028,0.9484852425,0.932548257525,0.978615931125,0.97719711365,0.030130688625000013,0.028711871149999957,0.88993,0.882335
0.2,0.3,0.25,200000,200000,7,8.496247365795277,5.325443786982249,3.170803578813028,0.9487700652,0.933235159375,0.978709397875,0.97729838005,0.02993933267500004,0.02852831485000007,0.890245,0.882775
0.2,0.3,0.5,200000,200000,42,5.603399570614538,3.6885245901639343,1.914874980450604,0.9133971741,0.864930558275,0.95152800255,0.951208736775,0.03813082845000004,0.037811562674999966,0.76191,0.760675
0.2,0.3,0.5,200000,200000,2024,5.603399570614538,3.6885245901639343,1.914874980450604,0.912607917375,0.864456113725,0.951007985975,0.950638639475,0.038400068600000004,0.038030722100000025,0.759955,0.758155
0.2,0.3,0.5,200000,200000,7,5.603399570614538,3.6885245901639343,1.914874980450604,0.91296189015,0.865486608025,0.951138542875,0.9507771298,0.03817665272500004,0.03781523965,0.760405,0.758605
0.4,0.0,0.0,200000,200000,42,8.928571428571427,6.25,2.678571428571427,0.96149946945,0.961171267925,0.9887164623,0.986608016725,0.02721699285000001,0.025108547275000004,0.94381,0.931365
0.4,0.0,0.0,200000,200000,2024,8.928571428571427,6.25,2.678571428571427,0.961249320275,0.961155841075,0.988717625175,0.9865625375,0.027468304899999962,0.025313217225000018,0.943155,0.93101
0.4,0.0,0.0,200000,200000,7,8.928571428571427,6.25,2.678571428571427,0.961347303275,0.961644927025,0.988819535825,0.986603482675,0.0271746088,0.024958555649999936,0.94407,0.93088
0.4,0.0,0.25,200000,200000,42,7.490542839536385,5.325443786982249,2.165099052554136,0.94867834285,0.93269184615,0.9802849873,0.9788243022,0.031606644450000054,0.030145959350000084,0.894255,0.88639
0.4,0.0,0.25,200000,200000,2024,7.490542839536385,5.325443786982249,2.165099052554136,0.94842860485,0.932643721875,0.980250468775,0.978749056675,0.03182186392499997,0.030320451824999983,0.893135,0.885225
0.4,0.0,0.25,200000,200000,7,7.490542839536385,5.325443786982249,2.165099052554136,0.94853079445,0.933286287075,0.9803920239,0.97883461035,0.03186122945000003,0.030303815899999975,0.89396,0.88629
0.4,0.0,0.5,200000,200000,42,5.166387140698427,3.6885245901639343,1.4778625505344931,0.912756959975,0.86478478515,0.95282224145,0.9524464133,0.0400652814750001,0.03968945332500007,0.75321,0.752615
0.4,0.0,0.5,200000,200000,2024,5.166387140698427,3.6885245901639343,1.4778625505344931,0.912595794125,0.864652029725,0.95269076155,0.952296100975,0.04009496742499996,0.03970030684999992,0.75305,0.751785
0.4,0.0,0.5,200000,200000,7,5.166387140698427,3.6885245901639343,1.4778625505344931,0.91266380045,0.865488095775,0.952915895975,0.9524948547,0.04025209552500009,0.03983105425,0.753815,0.75229
0.4,0.3,0.0,200000,200000,42,8.928571428571427,6.25,2.678571428571427,0.961880503225,0.96132864535,0.98443927305,0.98259343965,0.022558769825000047,0.02071293642500005,0.918795,0.91021
0.4,0.3,0.0,200000,200000,2024,8.928571428571427,6.25,2.678571428571427,0.96129511385,0.961241324475,0.984272415925,0.9823098544,0.02297730207500004,0.021014740549999966,0.917615,0.907195
0.4,0.3,0.0,200000,200000,7,8.928571428571427,6.25,2.678571428571427,0.961563318775,0.96155242155,0.98432794445,0.98238952015,0.02276462567500004,0.02082620137500002,0.91789,0.9078
0.4,0.3,0.25,200000,200000,42,7.490542839536385,5.325443786982249,2.165099052554136,0.94913313525,0.93288054115,0.9755061412,0.97440628145,0.026373005950000028,0.025273146199999985,0.872045,0.866355
0.4,0.3,0.25,200000,200000,2024,7.490542839536385,5.325443786982249,2.165099052554136,0.9484583732,0.93268503885,0.975206375025,0.974019911925,0.026748001824999923,0.025561538725,0.86942,0.86387
0.4,0.3,0.25,200000,200000,7,7.490542839536385,5.325443786982249,2.165099052554136,0.948790808425,0.933192433425,0.975287700675,0.974124733875,0.02649689225000007,0.025333925450000017,0.869365,0.863765
0.4,0.3,0.5,200000,200000,42,5.166387140698427,3.6885245901639343,1.4778625505344931,0.91336941915,0.865003879425,0.948173377175,0.9479673345,0.034803958025000026,0.03459791535000001,0.740735,0.740775
0.4,0.3,0.5,200000,200000,2024,5.166387140698427,3.6885245901639343,1.4778625505344931,0.912576181975,0.86458573545,0.947554555075,0.9473170146,0.03497837309999996,0.03474083262499994,0.73921,0.73874
0.4,0.3,0.5,200000,200000,7,5.166387140698427,3.6885245901639343,1.4778625505344931,0.913004507675,0.865419366025,0.94768986785,0.947463277375,0.03468536017500001,0.03445876970000006,0.73956,0.738125
0.6,0.0,0.0,200000,200000,42,7.8125,6.25,1.5625,0.961499112,0.961281409925,0.98581889455,0.983841321125,0.024319782550000002,0.022342209124999957,0.927605,0.914505
0.6,0.0,0.0,200000,200000,2024,7.8125,6.25,1.5625,0.961246908925,0.961242551925,0.985795880075,0.983764135075,0.024548971149999987,0.02251722615000007,0.926965,0.914395
0.6,0.0,0.0,200000,200000,7,7.8125,6.25,1.5625,0.961349059875,0.9616392381,0.985895744775,0.98381515195,0.02425650667500001,0.022175913850000062,0.9271,0.91461
0.6,0.0,0.25,200000,200000,42,6.70292512991289,5.325443786982249,1.3774813429306407,0.948674786425,0.932812079175,0.976904409975,0.975725086225,0.028229623550000027,0.027050299799999955,0.87364,0.86699
0.6,0.0,0.25,200000,200000,2024,6.70292512991289,5.325443786982249,1.3774813429306407,0.948419200525,0.9327368355,0.976823890925,0.97560977105,0.028404690400000043,0.02719057052500007,0.8725,0.865575
0.6,0.0,0.25,200000,200000,7,6.70292512991289,5.325443786982249,1.3774813429306407,0.948537890525,0.9332658278,0.97695828575,0.975710180775,0.02842039522499995,0.02717229025000001,0.87276,0.866605
0.6,0.0,0.5,200000,200000,42,4.7980502607209505,3.6885245901639343,1.1095256705570162,0.9127386596,0.8648813743,0.949309177525,0.9491601918,0.03657051792499999,0.036421532199999995,0.732705,0.731845
0.6,0.0,0.5,200000,200000,2024,4.7980502607209505,3.6885245901639343,1.1095256705570162,0.912577982225,0.8647424706,0.94911244275,0.948957491525,0.03653446052499998,0.0363795093,0.730405,0.73045
0.6,0.0,0.5,200000,200000,7,4.7980502607209505,3.6885245901639343,1.1095256705570162,0.912685265125,0.865443713825,0.949338603475,0.949175847625,0.03665333834999995,0.036490582499999924,0.73164,0.731725
0.6,0.3,0.0,200000,200000,42,7.8125,6.25,1.5625,0.9618800608,0.961438789475,0.981266607725,0.9796313037,0.01938654692499997,0.017751242899999964,0.901005,0.89154
0.6,0.3,0.0,200000,200000,2024,7.8125,6.25,1.5625,0.961292557925,0.961328460325,0.981044633925,0.97929262025,0.019716173599999998,0.017964159925,0.8984,0.88915
0.6,0.3,0.0,200000,200000,7,7.8125,6.25,1.5625,0.961564733825,0.961546918075,0.9810977691,0.979384833,0.019533035275000055,0.017820099175000048,0.898905,0.88954
0.6,0.3,0.25,200000,200000,42,6.70292512991289,5.325443786982249,1.3774813429306407,0.949129482275,0.933000811925,0.9720522802,0.971210681925,0.02292279792499996,0.022081199649999994,0.85098,0.84562
0.6,0.3,0.25,200000,200000,2024,6.70292512991289,5.325443786982249,1.3774813429306407,0.948448931775,0.9327789828,0.971673760725,0.970767125725,0.023224828949999998,0.02231819395000001,0.84843,0.84475
0.6,0.3,0.25,200000,200000,7,6.70292512991289,5.325443786982249,1.3774813429306407,0.948797602675,0.933171394275,0.971766919825,0.9708861868,0.022969317149999946,0.022088584125000033,0.847855,0.84385
0.6,0.3,0.5,200000,200000,42,4.7980502607209505,3.6885245901639343,1.1095256705570162,0.91335060045,0.8651006098,0.94479997305,0.944719662875,0.031449372599999914,0.03136906242499993,0.72112,0.720665
0.6,0.3,0.5,200000,200000,2024,4.7980502607209505,3.6885245901639343,1.1095256705570162,0.912558374925,0.86467684355,0.944100544975,0.944009999975,0.03154217004999993,0.03145162504999999,0.717245,0.717725
0.6,0.3,0.5,200000,200000,7,4.7980502607209505,3.6885245901639343,1.1095256705570162,0.913026177675,0.86537479005,0.9442620767,0.94417676095,0.031235899024999902,0.031150583274999977,0.717975,0.718205
0.8,0.0,0.0,200000,200000,42,6.944444444444445,6.25,0.6944444444444446,0.96150011445,0.961390330425,0.98271509595,0.980921333825,0.021214981499999896,0.019421219374999965,0.908865,0.89588
0.8,0.0,0.0,200000,200000,2024,6.944444444444445,6.25,0.6944444444444446,0.961259848575,0.961296324975,0.982652789875,0.98081316795,0.021356464900000094,0.019516842975000004,0.9074,0.8957
0.8,0.0,0.0,200000,200000,7,6.944444444444445,6.25,0.6944444444444446,0.961340599675,0.961637076675,0.982761413225,0.9808800466,0.02112433655000001,0.019242969925000075,0.908195,0.896805
0.8,0.0,0.25,200000,200000,42,6.07475204424047,5.325443786982249,0.749308257258221,0.9486766794,0.93293194435,0.973237867525,0.972540189425,0.024561188124999966,0.02386351002499998,0.849825,0.8453
0.8,0.0,0.25,200000,200000,2024,6.07475204424047,5.325443786982249,0.749308257258221,0.948423892825,0.93279617815,0.973104957975,0.9723907775,0.024681065150000014,0.023966884675000077,0.848725,0.845185
0.8,0.0,0.25,200000,200000,7,6.07475204424047,5.325443786982249,0.749308257258221,0.948534307075,0.933258603925,0.973239119175,0.9725093751,0.024704812099999973,0.023975068025000046,0.849795,0.84614
0.8,0.0,0.5,200000,200000,42,4.48564032339755,3.6885245901639343,0.7971157332336154,0.912732024975,0.8649786957,0.94570174355,0.94587875465,0.032969718575000084,0.0331467296750001,0.708595,0.70952
0.8,0.0,0.5,200000,200000,2024,4.48564032339755,3.6885245901639343,0.7971157332336154,0.912571683675,0.8648015022,0.94545707025,0.94563892335,0.032885386575000064,0.033067239675000026,0.70831,0.70896
0.8,0.0,0.5,200000,200000,7,4.48564032339755,3.6885245901639343,0.7971157332336154,0.91269271,0.865415130225,0.945687492925,0.945876955825,0.03299478292500002,0.033184245825000014,0.709105,0.7098
0.8,0.3,0.0,200000,200000,42,6.944444444444445,6.25,0.6944444444444446,0.96188142415,0.96154687705,0.977944183675,0.976554918225,0.016062759525000025,0.01467349407499996,0.8807,0.871735
0.8,0.3,0.0,200000,200000,2024,6.944444444444445,6.25,0.6944444444444446,0.961305944575,0.961382499825,0.977656947125,0.976167467375,0.01627444729999994,0.014784967550000028,0.877665,0.86968
0.8,0.3,0.0,200000,200000,7,6.944444444444445,6.25,0.6944444444444446,0.961556718075,0.9615452639,0.977721595075,0.976275130075,0.016164877000000022,0.014718412000000014,0.8781,0.870315
0.8,0.3,0.25,200000,200000,42,6.07475204424047,5.325443786982249,0.749308257258221,0.94913155695,0.933120844475,0.9684329291,0.9679568908,0.01930137215000005,0.01882533385000007,0.82747,0.824335
0.8,0.3,0.25,200000,200000,2024,6.07475204424047,5.325443786982249,0.749308257258221,0.948453668275,0.93283994395,0.967971513875,0.967464812625,0.019517845600000028,0.019011144349999953,0.825665,0.82314
0.8,0.3,0.25,200000,200000,7,6.07475204424047,5.325443786982249,0.749308257258221,0.948794120025,0.9331646022,0.968091998975,0.9676007608,0.019297878950000014,0.01880664077500005,0.82525,0.823075
0.8,0.3,0.5,200000,200000,42,4.48564032339755,3.6885245901639343,0.7971157332336154,0.9133440339,0.86519787125,0.94138816035,0.941484435125,0.028044126449999984,0.028140401225000056,0.698495,0.69929
0.8,0.3,0.5,200000,200000,2024,4.48564032339755,3.6885245901639343,0.7971157332336154,0.91255199665,0.86473683335,0.940624037025,0.9407295891,0.028072040374999996,0.028177592450000066,0.696205,0.696595
0.8,0.3,0.5,200000,200000,7,4.48564032339755,3.6885245901639343,0.7971157332336154,0.913033436075,0.865345514575,0.940819265925,0.9409180591,0.02778582985,0.027884623025000055,0.69779,0.698065
