cos2_sigma0,emp_ratio_d2
0.014288534737294613,0.09521157460667667
0.17182013300331997,0.19096550359247666
0.16860059085398665,0.07286043869304815
0.15702020430348176,0.09791048148238422
0.002500667937013223,0.009087247260274402
0.2175981404184349,0.26936554909530686
0.019613994416609607,0.040253684575404
0.31901312024637957,0.4420057579209279
0.34533905790725417,0.4236645870273523
0.0013911205032530545,0.033622130068678695
0.10121560733688321,0.19420470670049966
0.017224395720280113,0.004504117856641005
0.2793327165492419,0.3577250211158994
0.15636257346015175,0.23331277938200526
0.05857309940093867,0.16929157749737683
0.10519180581682493,0.06093819310561455
0.10817506214994947,0.12725457917543245
0.3214265298705344,0.18744047726970128
0.29292404076705386,0.39322628405131943
0.5260513301946939,0.5725823043819145
0.1608603403677362,0.12258606567916498
0.09697128536393064,0.07754073546842559
0.2970520417877982,0.3520351405525052
0.02970908347381378,0.04196452092682258
0.1025816331963099,0.06861022868760437
0.2710901706808866,0.2513197854755391
0.29888488851234457,0.3605634073661725
0.0025378625540685086,0.01161403907322143
0.1044340305678668,0.26457525626313705
0.14765878288961157,0.10638494468584687
0.0018493997466424298,0.012334507335080624
0.02456586729913887,0.02782036627971082
0.08660149799107487,0.014082646857501858
0.19191379633193714,0.169071455856937
0.03642337187706043,0.029157981823177866
0.18986692038502695,0.2969394521551071
0.024572843178115533,0.003077866548587536
0.1287416589560827,0.07964081948040487
0.15228388093836587,0.05957831975348349
0.2846778006757592,0.28308983732054144
0.26710227192738795,0.3698831065816441
0.08300127333397865,0.009176431230538386
0.021587616535312742,6.795478963019391e-05
0.39230993628981164,0.44679791911376476
0.2675101366371427,0.23402306430160125
0.004537815865639372,0.0012110938582080065
0.03240435703254433,0.00011942357629623523
0.08073936063952027,0.060041277195435054
0.01358385090783638,0.0012893361404501067
0.04568107250955395,0.02509400819693767
0.223158472639423,0.32353109476855124
0.09828943945552879,0.18068616119976422
0.07989734894796183,0.051060213249141805
0.02770764840481806,0.06821141045355247
0.02648145994989505,0.002968657271944273
0.16589592530678685,0.045089919046402645
0.09394056049605745,0.030393335557586488
0.008723116872292163,0.001332312917176399
0.12699569322807064,0.12097200544152518
0.32300934461591435,0.21747518696074786
0.037245414136199084,0.05927689549074494
0.24289858361327368,0.18054706154053068
0.18045499234103501,0.26093017281053316
0.09861356084357167,0.031146472583548815
0.0028998435949253226,7.689501759675806e-05
0.1795391324677253,0.20192854776074223
0.02292336886761794,0.00036057890941964594
0.019985859228978147,0.007702019696448541
0.5038043652195096,0.38389738489482583
0.0002996089520329181,0.009737392795298963
0.09664720888820465,0.009306282598848723
0.07838481162568191,0.06946061127903418
0.4724801523407875,0.3999777315387549
0.30103632356376303,0.20962908554307988
0.29161088151954234,0.3214644653347161
9.898054712487946e-05,0.0003781992901571504
0.003966976648063664,0.04318996232675127
0.410878492517578,0.465359524997595
0.005637670563144021,0.03785456550867132
0.019254261840248508,0.046136072389666744
0.000941553662884195,0.01920749799446579
0.006886406054634799,0.014313861779821947
0.40040323034871733,0.346026611367358
0.3627375488570166,0.41624520946886817
0.00037842292175081695,0.029555735685394522
0.005220525868059037,0.07873587159097703
0.15580627487129084,0.0565074879127883
0.015705241080507318,0.0020556973606904523
0.008425244743855292,0.007444332340046593
0.060952261781542075,0.11142890081928751
0.15088975904360727,0.04632988677942481
0.5601324943236128,0.37090791177835924
0.01765835068478205,0.1058245411671338
0.002461169742954673,0.008517778739634019
0.028543728160521933,0.08048724367704485
0.02701772164468933,0.004717311680086038
0.38310542225970173,0.3090448005458601
0.19375839781753756,0.09462861384984021
0.017856307819627194,0.0003653252272918877
0.1561723519484889,0.05012144163801503
0.012440103164377343,0.09523920737883702
0.019906080260822325,0.00022043788842883303
0.42331921816046625,0.3749474440621511
0.22802796972387188,0.12460170905512753
0.06602797235281867,0.14666895968155233
0.44010033358685297,0.5145454396825627
0.0030855103098050597,0.009815411172225397
0.01331805897977756,8.49250265536507e-05
0.11450506968246466,0.09698202365900044
0.006446157194158004,0.00033028221465684427
0.5898648845359845,0.6214591693650254
0.35380360073426437,0.13890767104369448
0.3607402005471161,0.42499797859125027
0.24562566957618606,0.19909033015519623
0.3554959947064427,0.3918626231538884
0.12291140590402001,0.1346584404699841
0.10204665705584588,0.11621361300046876
0.16467276378972154,0.0759797121433348
0.516569514341223,0.46413547987494685
0.08380550883121171,0.037122342172290435
0.2194719637449201,0.10057972141274972
0.0969659019789745,0.01865236444553364
0.08272136347567025,0.041356164941522444
0.2221556926889054,0.10051951974426876
0.1303025144115781,0.02994749129644754
0.09848267614887458,0.2376581474404401
0.37521494196849015,0.361965904220917
0.22425168586601144,0.40405167555040505
0.028279070453470747,0.09166968873652585
0.10544859341441741,0.03406795105279195
0.19969499691128315,0.06469015007727735
0.0361611723429957,0.014662459581042824
0.14073259257991858,0.05070127849554413
0.0015805516037599731,0.008732610800890118
0.18558492694565468,0.23523518865108517
0.0038733969335708034,1.0694916528973534e-05
0.28512979850030845,0.26971266933330607
0.0013079922828327629,7.040392931912855e-05
0.14478325028813596,0.054591568386599364
0.49129491942305176,0.40420821219513664
0.18885557600699596,0.1923321798904528
0.41450512120691846,0.42094227220244806
0.005998927818241287,0.00033614953505476357
0.0227638548158775,0.04923009852068407
0.29730640910551226,0.2255855117117314
0.1979209457193935,0.16646980370322245
0.1055440747783107,0.19996787159736965
0.007766604338269699,0.001103289659717093
0.006029713870013526,0.002030960870872029
0.11386671843725163,0.05792134774740892
0.3657428614436473,0.3184192995832586
0.0029184280343807186,0.06512735384730374
0.09043859781075564,0.12309644783965609
0.3379002259104443,0.3027024081123838
0.06927248879396894,0.06745004019373099
0.10520081580459051,0.0466260472817576
0.11511947149548571,0.21623294389282882
0.3939399830415653,0.34523097499808986
0.02113207535143399,0.021202516440291502
0.22954372059377945,0.11750645452066844
0.03185448347907616,0.0033488960206844802
0.25132805747140086,0.17847700217370063
0.39462438709995024,0.49410986393593603
0.5813067888920936,0.5521840535531053
0.007881250061246979,0.0007152364997145386
0.3109859172503378,0.1890487222015585
0.6814064514791913,0.5081454194532719
0.34103001053909654,0.2926688876281913
0.3433933175210712,0.3437394791722361
0.03481550793949265,0.09767652418109607
0.0009798737084384904,0.004166998629127057
0.006188477783369385,0.04107897955072857
0.4508920771477303,0.41191993847629815
0.020024800328392895,0.016458330833431824
0.3682473782256872,0.22948925217866503
0.0327917295410193,0.05442853964160623
0.18938734925574852,0.07608809727321895
0.010198786484269494,0.0032976077023003604
0.33276702880537395,0.16593450680759325
0.07072022253391595,0.1503615838903107
0.10298679258695133,0.217691601555904
0.07771703216882137,0.1747601953796744
0.251486450211498,0.417674142072381
0.08982868543779768,0.13273097363754693
0.030320805880675445,0.09585685386761324
0.07101533707944065,0.10729036414150878
0.02085445640817783,0.0010468382965158878
0.06520133962758644,0.06215979381693857
0.02640259153364086,0.12672056335281923
0.6120200400627784,0.5788749936848012
0.4774813774575798,0.32492400265353627
0.09988325218006053,0.17414810273891246
0.33480562432947003,0.2242322807402741
0.07836725399462427,0.1627977981520582
0.30018914096991284,0.3678726004106891
0.16097536495729034,0.1827255642880837
0.06786604921520419,0.01990227917303292
0.04542637592198702,0.02898131244173131
0.24911840856904294,0.16796981862495736
0.06639133631157938,0.01847772862905718
0.25237591378950747,0.14036703413651697
0.23584506813439388,0.13656821344857847
0.062024461819170686,0.07699061918905198
0.02083974052567279,0.022514827933540225
0.18505406922789028,0.1768085853647118
0.20099162009169466,0.180223293481955
0.151932771072594,0.29959530683343355
0.5061571794709274,0.4602890071901152
0.22623401168308235,0.1537467050059867
0.029353169206814262,0.007665578566214539
0.17076607218378576,0.14920826368945775
0.20799466891745336,0.2689313084821301
0.0448948027711201,0.0015400987650408598
0.35796134958505665,0.2765934993903137
0.19450025351940747,0.16221973326729494
0.44794913466595804,0.31417049665419455
0.0015928019153321734,0.009213259864997436
0.36974966739201026,0.3641243513393934
0.4151751025798521,0.42313636145468764
0.0004961399981573436,0.010955407404855025
0.10893416119307528,0.2776466786025923
0.3420805125516116,0.37810743880341763
0.06246737789925534,0.01615044141238952
0.10431239098938389,0.2065786620837974
0.0024132674972835422,0.044807418530319075
0.012672226091660143,0.00019871008929064037
0.3120531033281581,0.43556271644741323
0.03641176742765305,0.004088478083110904
0.014372936084172552,0.07484020768787407
0.1218486279938036,0.28300488538470386
0.09936313895403211,0.14454165513677047
0.41562772596303477,0.45262519862236034
0.2642999633569745,0.24349416217272413
0.24215482337425764,0.29221161016209823
0.3391151722527989,0.2769609596627785
0.001354411091159047,0.0082712136882416
0.22790344158637307,0.09292238200548131
0.1278508563948164,0.04982530643648901
0.09401990069312638,0.06997080844607181
0.31438920710508833,0.1678996460431183
0.34022831977890733,0.23597264912697524
0.12289270020527111,0.18387709399820795
0.2444796959355604,0.25966514477077346
0.04268981650792697,0.0946500056424557
0.4251435355675975,0.4062237542280376
0.4467096687836081,0.3002354317952566
0.12375721854482306,0.24843746970538597
0.0003313396929445168,0.0317166726917623
0.2038239731438566,0.12862331685034747
0.09709107549504227,0.07484813300452435
0.03623631049275284,0.0945188269060726
0.4751601578279284,0.37366930109207164
0.11559594133322547,0.08319939216011737
0.023512978678799965,0.03073354509125599
0.13220506344189695,0.06296415138641281
0.4548825715088428,0.4738519798633042
0.14976764956964828,0.052378338351759035
0.08562733445903697,0.055107292242271816
0.2785616188586489,0.2575887804027595
0.03340685045663261,0.13028883774616176
0.0881866744063933,0.01761077446049957
0.044364337553643475,0.00026020667714404187
0.040096183976466006,0.10953934753000984
0.034732629462519156,0.1044303355976763
0.04416280726142006,0.04525472700540744
0.5095859104548086,0.4393235525922876
0.0073708872105105105,0.012415989785020183
0.43454970230938533,0.4118594963891164
0.04070705923125368,0.009474432748939025
0.13596714025378934,0.13715249375000207
0.04083831496835486,0.08626261072679509
0.1426537698049349,0.22084522598216128
0.31379574121038273,0.327991249856602
0.02242288266400972,0.14437516153321864
0.02464499699955592,0.03313920117609403
0.24310980041974822,0.11548619651457068
0.09511542009992967,0.04829283752748646
0.235322766575387,0.2039832050773167
0.031579770163483914,0.1082595363046868
0.3830185604029533,0.28309904757443843
0.49982083808032746,0.5172197447508771
0.04054021661289834,0.00638465326613119
0.17228779719819629,0.04063736846297145
0.00010979188577553867,0.00925259246329036
0.02389347165032603,0.008959851084198344
0.1760591589099158,0.06951909262412306
0.33996460292800235,0.31244069773159816
0.2984606938558334,0.40489599518474567
0.04535512444656607,0.004918377927046469
0.0031564982806936838,0.01529303227092804
0.027882058327178633,0.00016246673025072447
0.014551020199809781,0.0006297914684830636
0.00781680650587192,0.030496209585503368
0.21830560726740836,0.12867727624675743
4.91543455605871e-05,0.0004645577376614296
0.005510076732932918,0.05749843826492449
0.2651773236007456,0.34455058925188303
9.823594942885449e-05,0.016064100064927315
0.005190595423966619,0.04875833103058804
0.09458756029141159,0.012119753034061941
0.3547234106695674,0.3788599307854359
0.03798255595780133,0.012481687023493414
0.0025354245907540478,0.016569708756318045
0.03700727838617707,0.005227966270256111
0.08493404892751592,0.00874957751316583
0.1127517935729401,0.031161254670081528
0.03845262606747802,0.038649441803865564
0.0035734062310017094,0.06679728922085204
0.2767487175749476,0.10393432076109792
0.06416342942637972,0.17419436586829581
0.54650577548354,0.3336108982218111
0.14097631027923702,0.1653308156613299
4.780915810788944e-07,0.0008281328300625674
0.006751444665159967,0.024415539613793107
0.24928782848988015,0.3336096783686482
0.31346148648313643,0.2698999123049867
0.019426101543101638,1.2984060577489198e-05
0.1904971402611735,0.31939479251313024
0.0451129945857067,0.012905554795576046
0.16808475305664003,0.10972931296858136
0.21477797725252115,0.2071675422741595
0.48842898407087565,0.4078044660883102
0.16996960432993174,0.1854346331497723
0.03806505249759631,0.10483356429802893
0.4274526584610307,0.2956208998048099
0.0060436784977645555,0.03220697326816253
0.0916872668706659,0.10644495899223189
9.850045124315923e-05,0.045514754324409816
0.4063693513251216,0.4530760216451514
0.07664529423597055,0.0392072048131038
0.11807142891583887,0.06093416467616378
0.17919270685839725,0.09572410580806366
0.2480623645600575,0.26415029719257904
0.19726314205122647,0.082756059459368
0.3997385204863858,0.2800201678617723
0.406968004399601,0.3062683409643355
0.011272853970219123,0.05378825028041428
0.046106345651788345,0.037519172317334475
0.013377183063921182,0.013447890977981065
0.5702594564460233,0.6061896842524106
0.034508860236358484,0.07435365054850533
0.014042186209450979,0.04540123686227228
0.019139203536948743,0.0017085869301616252
0.0863804218470676,0.13701318766758813
0.2454933904105911,0.14353468067199715
0.465045178749378,0.460730512552248
0.09756342712301484,0.21265573403640495
0.09033019302004193,0.18707458744858743
0.05633405234730098,0.008849552645666616
0.006830570070602317,0.011983865032492162
0.17132639988316137,0.10511192601587761
0.5005228544654956,0.39748367553179914
0.3174657603161232,0.24780184562660654
0.008428741558732541,0.07149041782559286
0.0004670732947308547,0.013885714033328795
0.0002458549944571241,0.022543148415755433
0.05315893247981806,0.09700377987865869
0.06296365800041777,0.0177757243506546
0.05673819168869883,0.10369279067474792
0.05294755088633509,0.0349619350635954
0.06530346203801346,0.08166211135936108
0.1432589808622467,0.14351348921791726
0.40530899391963915,0.38871681521643164
0.02748142124498985,0.046836356467508874
0.4706475936902117,0.444489863865003
0.05258499792534009,0.018233018514008468
0.20673003484315622,0.08890280170006583
0.12790354393557193,0.15907202426962597
0.03701780454818307,0.0477100977808374
0.13778318644531404,0.28748886243303445
0.19782941960469702,0.23222248098095907
0.1648872724924438,0.2487587944752752
0.3433075757482689,0.2978215935340965
0.17327239309636203,0.11584346995772102
0.22807359539264233,0.1350337780556134
0.04144329186274054,0.04211941985816463
0.16126879067628447,0.14775724449972266
0.18901659954946454,0.1098447746994893
0.15291064521675896,0.10473734763540841
0.039022725812149515,0.003840238371892618
0.007395649160816655,0.05436810999055708
0.06642502582090601,0.14907371316668003
0.37814474654828956,0.4203274992338224
0.42862670086965465,0.33818962376547873
0.11200770444592803,0.1204238163184294
0.151279506083603,0.2759732508706594
0.06647841039471353,0.00045188213892977943
0.09112047799959087,0.09814033904238728
0.13226534395628262,0.24082004588244943
0.005459422985685675,0.06238235366386229
0.032950079123909196,0.00044607576090366764
1.5560084831404487e-07,0.04644618207205757
0.2484935398170315,0.33484138822187576
0.09270726285782464,0.021123948623010036
0.0012740069749795004,0.005647938438160164
0.19752972319064746,0.1633488511742653
0.018496416949988718,0.02326621323570461
0.005893317037745501,0.0005687453188061497
0.2972047691674377,0.3300833291971289
0.07309377277117704,0.10961889477904334
0.04109859834749434,0.0470968694216033
0.13986635764394445,0.19342405260370102
0.40883564292567043,0.3188961437055725
0.03714191126360776,0.0007604287153295228
0.131708196243687,0.24275783226305034
0.02450725512873525,0.1346885931395335
0.40156055218597,0.5435361982132708
0.16651974517016993,0.20306409194335584
0.16564090367082673,0.3245235132637466
0.004375545697036843,0.0004921635286854828
0.14784283837051138,0.14461751884633464
0.03571829189993331,0.01474412395730475
0.4546110718469046,0.47787235088056734
0.5332235701852999,0.5984229714613164
0.08401692959023964,0.012854442705343607
0.00015468986387675725,1.6254822439933998e-07
0.15037687812425427,0.12729116035998106
0.2913308781891142,0.3091636116299242
0.24573795249544858,0.18663188756363455
0.1608852043794224,0.2636065385245889
0.38648675096295954,0.33049084832027487
0.4042638102200885,0.4522271577698743
0.2428467459070906,0.27432077365564167
0.15424451527622554,0.0760813277786193
0.016831757729564818,0.053361222504389426
0.009980072197698723,0.031092755614665273
0.060261508377863884,0.05609862467743997
0.020065601028529244,0.054889636870424925
8.495819169790224e-05,0.010517546012310818
0.30593147840846263,0.3955147988720579
0.014954892319393369,0.002869844494192152
0.011694410122061441,0.0034960951636018854
0.25778441544309544,0.3102189442587873
0.5866968612968819,0.543957277949869
1.630121789604916e-05,0.002901646758280586
0.02313442846394544,0.07433748540218924
0.17929279835141423,0.3456828376811194
0.3813394368982138,0.36081667884108587
0.25839898831208297,0.42646304851724126
0.0057250342899260445,0.05319203588932839
0.006615490864344758,0.024460264026714626
0.5215837635783348,0.6058606453288524
0.09009975894372836,0.10407186514725741
0.052685161165733456,0.09773727006083804
0.46455813181251476,0.3449986507875932
0.10587829236916507,0.06570940908876184
0.02006507960344901,0.1129475329323974
0.5698644566944362,0.4319004847980686
0.1973971373848596,0.15809443963723416
0.07108867345954485,0.03173304615227049
0.021034352668527226,0.03288756400720003
0.04953969376748381,0.033726983980365596
0.15221874952349673,0.26211037624496564
0.0020897285495686813,3.908072824805154e-05
2.9704753412305466e-05,0.011469305178829327
0.08528306962525273,0.02562668870699081
0.02613258984155946,0.05046325207066968
0.03645351511442308,7.23285963845078e-05
0.2832466263200133,0.12339991432149613
0.009293242088330139,0.0069523920120486355
0.12129977863883729,0.14402428790693364
0.2117133805260331,0.07131027102317623
0.3777980343450952,0.43711953943903903
0.0357806993257721,0.1017230993434382
0.04060594687892223,0.06943870459669556
0.010963462066735158,0.0031894237794501015
0.3690218039972141,0.4523738725313067
0.043289819932661594,0.11444410480789656
0.22719878570811275,0.36369761551765084
0.026658409908861903,0.09136119286875583
0.294323858099314,0.21974471753642946
0.010162388488887382,0.07967739389795941
0.09509767376473678,0.08556989099745477
0.06347937996653458,0.0946706456484966
0.0035860976388339253,0.04389245440483184
0.04344527380006364,0.04634555990458801
0.40863798978270155,0.4158610525198803
0.1568229299832407,0.08305020172699507
0.00458428561079303,0.017933923706601008
0.24969717047207837,0.34070967473093533
0.6065788055190848,0.5555860842142951
0.014073183839248566,0.022484976604767126
0.007876825112088148,0.0001163984200725223
0.039013115918268323,0.016202819909290324
0.05012090208307082,0.016655207068660173
0.0071371010236023534,0.034033290338516965
0.5068704118632753,0.4494807013638787
0.4244729717659505,0.25428947486623127
0.1264197608353501,0.06672474020353174
0.5704651957845269,0.646074491874014
0.43293384934491463,0.267606375776067
0.13904329971393567,0.056937439142211714
0.16362442788333867,0.05227587999026054
0.0008647523286176373,0.035434374864196864
0.18765575906689888,0.08176248204663628
0.22470373527641452,0.22799018956803627
0.01831300238456682,0.0760522908126216
0.2484520347362493,0.16795302925256483
0.46850969681438415,0.5679752346833407
0.09001948246750069,0.0480744303410313
0.16968614068827015,0.05472720662628277
0.0009752838106336689,0.008820098822044986
0.1000228704559823,0.08405809282192216
0.033765303004112034,0.06037837380988697
0.0012311416705817792,0.0015983564944670545
0.10805678752720162,0.24954738961808903
0.13332499351567423,0.19684628978100477
0.0007467445622178964,0.004623389455694807
0.41278132843219545,0.40414815720765673
0.08747697224800252,0.18471619089594463
0.35596232227158253,0.39303285775188707
0.22129282715449006,0.2979016629471782
0.0033622476412328516,0.04677259838635242
0.008113885566337992,0.0014498700460792572
0.21415099446865318,0.2314737359291078
0.27120064366110685,0.286150594025894
0.038098761855943464,0.031150049954631297
0.023725805194814487,0.007505250159288467
0.04216560608527149,0.0038276169080869926
0.12420154217820509,0.17342397729706563
0.40392122754256427,0.3355633053870454
0.20801736551597466,0.10375145208870763
0.00023311069832347006,0.0017177034416691623
0.0006065335773390367,0.005590270787234761
0.19734732142986433,0.09115986852578715
0.02342078210560534,0.014672421167558345
0.016038290911018306,0.02639329623365531
0.026783364071119135,0.07269436511370105
0.20735058948587545,0.18017215696502809
0.21232749051802577,0.09138702318424312
0.2806219087286059,0.31263064396389645
0.22953355635422076,0.16522099533117085
0.030762821607066563,0.09758593829190121
0.18393845789119923,0.19538950983824346
0.004001206572887314,0.08352285844875362
0.023368248137969016,0.008213623104128672
0.5619893259984401,0.39092948273392486
0.10198224202559364,0.04911829042307581
0.30942478936945156,0.1736472505584686
0.008620304770694377,1.732469874114676e-05
0.05181317877540821,0.03568777594435302
0.26437145701527315,0.2072766020545672
0.29056510182073897,0.22293361709445286
0.1320057219091859,0.0540705935090905
0.10313047331004518,0.21531895926889338
0.1382413501645164,0.18293681171059165
0.07604855404143988,0.06765139708616925
0.060898581270631504,0.10723658265139294
0.00045717846330707264,0.003315430857393719
0.10217388588865786,0.05986343079930898
0.225033246807712,0.22699148058996463
0.28814119527277515,0.2743368470249175
0.3013044568324631,0.1910654838119198
0.19162810004379924,0.12840778874629252
0.11769124286864782,0.12418193707644636
0.07024431941331082,0.09021950234719676
0.045629479721932154,0.07834521855093039
0.1827892551207902,0.3294136779296154
0.07414043190452575,0.1267130356862309
0.13110039972688167,0.07258373430874401
0.16375854092849287,0.20202159749583642
0.06925752902204212,0.17474356895153978
0.19182508285462682,0.13521493492630887
0.23039830927079935,0.17266965068564652
0.1517718398669567,0.10064589407473779
0.05410285897520939,0.009178534457751446
0.2178481470322897,0.20176761274651625
0.02005951519835314,0.032005269871083694
0.13133289051154734,0.23526356032988857
0.06190348050877176,0.044982373801341555
0.14416437028642307,0.08630142914597813
0.07411447617783856,0.021510102158573234
0.005977310064787792,0.001756449524452084
0.3010980736516397,0.23373856201710413
0.3185810574119757,0.24930379571270195
0.01951114672095759,0.05314065925533246
0.033448103366569275,0.0910765181224743
0.005068428353423365,0.0008994384798372444
0.05075692379248418,0.12290581822092378
0.18438441530952218,0.113787624129365
0.3898577452408007,0.38097491031979835
0.12795409164977428,0.1707761981912734
0.06252359295280718,0.13832432578375342
0.4741298095753309,0.3781401972728402
0.026367671574994027,0.002955540568657118
0.4732150463310736,0.3067912384136615
0.1976883422646251,0.20963387269684663
0.2009428170224557,0.09323163848982342
0.11923335395138772,0.07155412640000454
0.002815276366825833,0.009001983225732972
0.008205997109453219,0.0066167778777980815
0.3899158452274168,0.5209767081785065
0.048793749393377744,0.0035814033863801396
0.5202641139580577,0.5349790946411568
0.2996529147763442,0.2640209646402367
0.26853312798381357,0.22657696125104965
0.015705746294911553,0.02294363349348194
0.37203535042701574,0.4362066869193551
0.17445598725483863,0.17175666379006818
0.22059136630733142,0.30132571701552296
0.0013439484715149863,0.016055608455431632
0.20672671332725387,0.07354421288473954
0.048224571011624306,0.037358848785393466
0.14969772853907637,0.12860964615611437
0.05249844839342776,0.11957040616866682
0.5711246003824679,0.6017561410253333
0.013890665293327708,0.0010561496949015794
0.03147076604184815,0.012128460496397332
0.4155401822949381,0.32342444297440764
0.21011843694144142,0.22908003314959607
0.032765423128548896,0.008176428073172183
0.005849404914746639,0.015252920176857091
0.18984212992210117,0.33514148692641366
0.0578572974244414,0.055341551932557055
0.14696144065269953,0.08121921216689731
0.2419145940682659,0.41651884621892665
0.192076383745694,0.24569737832071753
0.2626650290194688,0.23710022950883924
0.0880881550473263,0.1288043621569672
0.08153804881863595,0.1250593142217391
0.1508182751958576,0.2483603689841678
0.0002728639092859765,0.011890393617580621
0.5146263934328444,0.3873888745219412
0.14029017735847188,0.07585353996262478
0.27748669934514797,0.17594472607782935
0.5057210328228151,0.38450345989515095
0.29096691773232697,0.3060787127371189
0.016786412274577018,0.0041786946084592085
0.02231530852945796,0.009606940803331385
0.3705981973330318,0.19897254522458033
0.1721313202341069,0.08556587999181833
0.09218378283372415,0.05631484284247587
0.10822070242997184,0.13299912873343017
0.1025925699854797,0.12991277496435136
0.10085402933787777,0.145487071521961
0.2863920419750446,0.16769447559115583
0.11910649738451752,0.26056744296178824
0.012235116594897668,0.0025925447664148778
0.4471605265345565,0.33115213343447075
0.012688159739534275,0.02430682882872908
0.1683070156242883,0.06830157119162501
0.17681748005100761,0.20010422085648763
0.0881500298216814,0.04823702133944468
0.006294071906650811,0.001949976486121447
0.02846532366764609,0.07372696972723031
0.08527179675178681,0.05997295933688073
0.4602519035951357,0.290272201179336
0.14026159853629627,0.22378966681478654
0.00026878472288363484,0.009095889105462433
0.5376106902663804,0.47887478210189527
0.09509870666218939,0.03458299219680447
0.0417685369951244,0.022195466085677792
0.1444803021699747,0.05283720809216363
0.03399572279464307,0.11508486249219609
0.11931264548094224,0.16295040726864823
0.04287568670118622,0.0019642010833191585
0.19081276842673214,0.1851784667649513
0.5179623581716473,0.43373383493941636
0.019157338953702,0.011652311350923287
0.0677064502834693,0.017038306816380158
0.44692509200810143,0.34886517153235747
0.10503379093681435,0.04869589575655642
0.2169411459175248,0.2955859312269036
0.04011591885844907,0.14994920090844105
0.5596082574191246,0.5326715290512235
0.3969753930667398,0.41636929695120806
0.16176119551868515,0.05439279817532546
0.4262455820157742,0.2730450710308567
0.14555240076773884,0.13661917748333358
0.1347365009036515,0.14912978493446633
0.08565989688795103,0.005880653886098091
0.34022820015532007,0.19832467431467718
0.005335404192814408,0.013238120094073314
0.2844942507578073,0.3895797964634212
0.3215133629454081,0.37163517894869674
0.0032723640284878807,0.0006092261567591121
0.28054569676526947,0.21758004331812608
0.00082283274111677,0.001576338117149522
0.07769338323409732,0.009896750957052088
0.0537003378661141,0.035195953388915784
0.06502225149071435,0.1470022084122008
0.02593512089427979,0.022648792372878097
0.030781664903081037,0.0031252296160075403
0.1461127334312902,0.08569947298359959
0.0015148822880127213,0.01850750231218166
0.0034367721417644845,0.004848373750443921
0.03745736411337773,0.02469190857046184
0.2048044994606444,0.32490238479405803
0.004854832586773134,0.008054825109721076
0.1370638127922198,0.034013218084584865
0.11567333305927896,0.036650470018965944
0.02356950836515075,0.12611337115682716
0.0010564303489048613,0.03806213750186003
0.10588586166617331,0.1251395000349107
0.38855778866257823,0.21502364989394904
0.19699644823376122,0.12694752675458226
0.1499329221993814,0.22756998198566242
0.03238881850706229,0.04341101880279361
0.05316041856386425,0.09103572965067162
0.050660011290573216,0.01970964005636848
0.2582265099681445,0.3581292851913124
0.10262129417310664,0.04360211895434616
0.14874265529004824,0.043011701027734696
0.3041865697128025,0.21737045017073398
0.013581218230606219,0.1002873883199103
0.17031716881140543,0.1327828453441618
0.005528279250011931,0.004899146496259579
0.19689035787642842,0.22493179845252292
0.055623249538186904,0.027233298065791472
0.6323671333671543,0.5197686819674797
0.142918694043466,0.04903516004476397
0.15859691236826737,0.05710524242192736
0.29779834278325124,0.14116251689341222
0.04236289954482584,0.10019636809831656
0.012421773124187466,0.005751034372408552
0.25373158501888216,0.2702901827193791
0.04643437138047048,0.10227693739793364
0.09073046067703235,0.1261819595930989
0.1857767456365319,0.34445068207662694
0.2267615923271706,0.2939578602682586
0.04618480582722607,0.04280437027031545
8.16030477785046e-05,0.0012791714626766515
0.029421739159121652,0.010164244527338244
0.004908430303565952,7.905386605146508e-06
0.2407900010468669,0.21937445685504145
0.22186473791934203,0.22159737606845714
0.08597669003279888,0.016281899225051962
0.002242808697144886,0.0014150107748867118
0.0017005764729697624,0.023178970400063847
0.08911328169129035,0.23768346240765795
0.02924282864346432,0.00024075955552667173
0.5277908008565638,0.5953309239747
0.330397084488167,0.4768051122447185
0.12546625150446997,0.09269112617350103
0.06412206149209217,0.005178427940075935
0.22225616235577267,0.3111170542110134
0.3966860961387855,0.3053512656078737
0.0033836627887772557,0.031675591652441173
0.24917793441453456,0.30668951365257763
0.13751492647131291,0.048604974893178936
0.33743744624879535,0.26406950399225476
0.2545723211304021,0.22607067774602171
0.17335194730432774,0.08453387748811197
0.05153762667971891,0.17170252224718924
0.08456869859403796,0.13931096788584582
0.020685507563949337,0.06969404634369317
0.5926325272426197,0.40577018042572943
0.00203611043563441,0.010944384104557314
0.2974120571290719,0.2561748311787741
0.18322660209309086,0.229888042857514
0.13873282978789014,0.24028785345375972
0.20453498132368256,0.36490252715491855
0.415050425844142,0.28856103199747857
0.23770615699526207,0.2962488370828184
0.10017510195253995,0.13550036780696545
0.00022897547828375098,0.014774888583535782
0.0005795171834936453,0.020578620470307524
0.2136054185393901,0.0707302911492183
0.04869572201654352,0.11706739286529112
0.11750773895518292,0.13973645508791785
0.14042016057784307,0.12364823588586979
0.20592855483645156,0.09331686912800152
0.026535192655493575,0.040302427860350924
0.469629583406481,0.4226908789684392
0.36835055181661286,0.22034883133421754
0.12758364934421074,0.08910637093109654
0.018833150158778865,0.009894737002126716
0.007120103645819392,0.057427383644994466
0.4596836979806398,0.34648517403559165
0.05462401940860422,0.040140826384621825
0.10918203011394906,0.1363378914351045
0.0549478394833712,0.017799817625940684
0.04814814909005555,0.047623630900172215
0.1619929283137326,0.05622636655161872
0.017178550761850528,0.000896800083455181
0.41247338585343685,0.37327037936646357
0.3901099270703593,0.23808780821672496
0.0008958787599394248,0.009841185795074951
0.5569728636929916,0.4555533296633145
0.17602562309584635,0.08981068672881495
0.0003105033770651511,0.0029142646541973193
0.3275233699123289,0.2740168007063641
0.002335576931806729,0.025336755153190317
0.17302611455067848,0.21386863031478612
0.027392845266093376,0.02632137377220578
0.37995830141322484,0.376434857806525
0.34161822609259657,0.37061138715855485
0.2685135490941288,0.357246966891071
0.020305008992383706,0.00015241173072962522
0.0547671137685503,0.059093407026217175
0.12240205467206022,0.0222806786630425
0.12038060805594267,0.17429035039789723
0.12477197389515603,0.1232064885646297
0.0022020129697727614,0.010498576021986913
0.03047133113093666,0.06526278963310068
0.3169008873571047,0.267083201512427
0.0004052431470799415,0.010920803430623842
0.16972932352798784,0.13229725491905134
0.14212683727008085,0.26604172809918136
0.09533231023438224,0.08656044150308528
0.4069267577156543,0.22180034649131694
0.29280812890846686,0.3445583861552067
0.1886670179253138,0.06908331914189729
3.254557940443758e-05,0.0012777141906913328
0.12515650614707696,0.08778866879248245
0.3340363297266724,0.34141428376460414
0.33024076490562826,0.3830788989962972
0.017723364890100977,0.05806783386934437
0.4767237799267723,0.39615827347712396
0.020439231474207006,0.026543840200203932
0.00825998341471244,0.010216642954745137
0.028751148384471854,0.0002696523913960623
0.09007481183354699,0.062335050104790145
0.00048688373378257747,0.00758425478198072
0.3347691990263716,0.4130623027105643
0.2860484336869341,0.1800934748241609
0.3993197736497449,0.43987346424317364
0.2829775286769083,0.15305293124773534
0.1436104929983962,0.0852324026101114
0.1984223927035269,0.07488067784995943
0.01629054558693942,0.05308182388642379
0.024530284871956406,0.003720373091300101
0.020695762909844533,0.03983647616836275
0.011203844221276238,2.959113359265178e-07
0.09838103469461289,0.05822100109599224
0.10210885145383351,0.08672423645946604
0.21147039956714153,0.276165650603342
0.2027134822859675,0.2650200721257845
0.3640800613083827,0.26211128356629726
0.00018366174519380838,0.0050303589479338195
0.3214731726951862,0.33557356435119173
0.6568398694341324,0.6416289700810143
0.05670364085645722,0.037777900737557386
0.0014916195513738914,0.004514827356468934
0.2503538033235699,0.18670007079094225
0.13742885727745385,0.08209075219001205
0.13973607836881702,0.254032274188572
0.47416491277328826,0.462465397798423
0.4947283910798703,0.4117599011505563
0.028676275537308105,0.10763703385919804
0.21728218706645983,0.19426942015831922
0.053655410962598425,0.16242531858793163
0.30031845736547197,0.42818684618622604
0.08625933902336588,0.058077351863743874
1.3695437991622151e-05,0.00615038476974636
0.5792720876149817,0.4150947364520568
1.2614151108374826e-05,0.02812995987324046
0.3603430640557385,0.3843931479349943
0.3078217867752801,0.382294408017857
0.2640922350831898,0.28501620650656784
0.21087788298821994,0.32082328764571694
0.10801691180583206,0.1783024236459423
4.697603407187285e-05,0.0033359166747314595
0.1853954350840207,0.2898277977925664
0.05367036109741231,0.004392705802921028
0.2808516832105957,0.3652701216041307
0.0010673068626683808,0.0005271316241057449
0.6275539795790472,0.586194665289069
0.44996083080458393,0.4993721843813168
0.017327109671465748,0.09205888312151667
0.26576916884114976,0.18354691841665263
0.011211393587582849,0.010192383839039547
0.4638109123915338,0.5046276114583969
0.026343065668309747,0.0017001025402639573
0.036245058449873406,0.018602559944249912
0.014116573102132433,0.060655707215910744
0.21840424974512634,0.3239584158050949
0.026962731511441126,0.061614808732452786
0.049544703473132806,0.05683461599958642
0.11990783611691465,0.07582269756639243
0.009119809088837756,0.0006744070552345747
0.29083095819433863,0.15116222541300836
0.3472892409413454,0.2910309104101985
0.0755532043241216,0.10415959541449131
0.010724700104978438,9.439605804540958e-05
0.31113770613489705,0.15261440347662422
0.2549619850109898,0.29250439546369195
0.1682414676621515,0.20346351346757707
0.017082082419076997,0.04442197537557525
0.2700485972186601,0.27940749949189364
0.02235333056216292,0.06889029222135654
0.14547489545681647,0.07577063998572967
0.01773826000614008,0.002216909262644754
0.3864995755587958,0.3942391038928889
0.00016133267604914923,0.023338568642968842
0.06931731756798033,0.09611045629833645
0.3060581694698134,0.22390146651100296
0.04567651104056912,0.1476186135005081
0.05838704759683274,0.018353896629013794
2.992843105403263e-05,0.013388771797842425
0.0025571702882176543,0.010472314232529393
0.4971404650926047,0.2836557651525565
0.045940892967988575,0.031799912220935846
0.0047035947981567145,0.036209139863622994
0.30061101316204675,0.39634420563135125
0.44912485215358566,0.3512937156207968
0.10931218776907145,0.14933415530465177
0.5754359509549197,0.4333047956126326
0.0012496423444153975,0.0010614586877865787
0.17910052867554066,0.2234983210334615
0.524669894581845,0.3384518737205807
0.08569987657725629,0.15956825417154646
0.3578609300784061,0.37656623199900113
0.30692883540590604,0.3102579536776016
0.22310105032901767,0.2941381147570576
0.0984726833258293,0.08881213496097999
0.0392105845384201,0.03895978702107859
0.009389254611986189,0.008053268925679282
0.006230549418388388,0.026906704218866026
0.011827509318849832,0.09958867464811252
0.07396927378212048,0.01679263050621033
0.12318391189605007,0.19858893410703216
0.11382030498296775,0.2058957846915417
0.008291001451890254,0.08896602309700331
0.0071818881528981065,0.008097750266655655
0.18121052362049406,0.10392410338404097
0.15398734958683816,0.05940150884148183
0.0014596755084808303,0.0016165523819689149
0.5639269204763396,0.4522783232114911
0.14674098841260136,0.0616234962394654
0.03509951549959605,0.010688265863178358
0.47712201772581636,0.5601838731735351
0.16311365547078072,0.3206777508883244
0.00404593941094063,0.0020521486665763516
0.21682926304300043,0.29449930227108784
0.34485748245216113,0.2203799613930474
0.37841810341761756,0.3385785092054194
0.07770882592431375,0.014757212040253981
0.00988769516595157,0.025565028102221967
0.026076682441721826,0.0835053134938016
0.08831857627835386,0.21141453273377997
0.0009682994544429914,0.008080338183097863
0.39797026792211304,0.24226934450480134
0.33881582312828756,0.18178400603216352
0.03407078077219201,0.04679187291821379
0.017007825992482996,0.0611866436781889
0.4059570007090439,0.2024386606361021
0.011205826254744502,0.017041257062314626
0.09846337062018068,0.1423993528929728
0.28440498172341805,0.33415504009873226
0.051632698663133664,0.055891142592055285
0.08376018701754484,0.04658671529326588
0.3340348217357376,0.38172916460151035
0.0021502997991194183,0.005819633345676118
0.4858631972089574,0.46546759956134387
0.07534297143393766,0.11281763515561215
0.17792303624890396,0.08956726344754608
0.518834787736786,0.39659372447264535
0.10379919333947202,0.07071659424953294
0.22531944806848242,0.1701709739473343
0.14300184491191817,0.04481125989390762
0.035134165561678136,0.06914097094918215
0.05487169719357767,0.10521781087083835
0.00036812980047483667,0.004846119975840138
0.10108298403774013,0.07591112480943271
0.25033767767637904,0.08200528641248575
0.16220715425064647,0.06646864602957296
0.18438171875229475,0.07668234961438979
0.2863585612763458,0.3614799574792192
0.2514035545271277,0.3145409132251497
6.516733280265836e-05,0.03986128662060699
0.49500667367718226,0.5314392225432276
0.02296810359036937,0.08762768664281213
0.05028863239042911,0.10353825699832486
0.17977584141004144,0.11402159726547316
0.14989938940168265,0.18136005659525262
0.3587018681857164,0.3062213114800355
0.02941576117111747,0.017295489810537808
0.14411516195264767,0.15828853688023897
0.019502436252441736,0.030139469194831726
0.2964022240808776,0.2351724323969839
1.788747188335523e-05,0.00344679081833022
0.13490889016325136,0.10181870410735926
0.2633610232822139,0.23158613278718393
0.10063666896786384,0.0674337801450003
0.014764670122273992,0.0006145417648750385
0.14910665758421904,0.15002631833009722
0.005984415092591286,0.012117407204530958
0.08597680738522517,0.17350760736947754
0.0738754124820464,0.05275941830620634
0.14817746570938425,0.09012645568671736
0.07119804801560778,0.038745322483509564
0.07139020085200783,0.02495450549659205
0.06151265583999045,0.019258536202102213
0.010120769296055298,0.05264439202173137
0.0027526917668326597,0.0011876573361861472
0.007071006503676402,0.007847409645956585
0.41290256838023565,0.49171788349684753
0.3584021968678475,0.48838366974008107
9.413029688915749e-05,0.03971813102871874
0.013512725227159444,4.49338620056495e-05
0.35830496631640996,0.4156330908561164
0.46172542183619797,0.3419810710731864
4.2740688586028056e-07,9.030451360103456e-06
0.19445783884530912,0.05654805938259345
0.043137194223941584,0.006537784045476197
0.005980530790361098,0.0026860370805225527
0.09735741041835874,0.07746443761327414
0.17366047612406688,0.21442766380719006
0.4834965682734988,0.5423059874477653
